,링크
0,http://www.seoul.co.kr/news/newsView.php?id=20211112500114
1,http://www.seoul.co.kr/news/newsView.php?id=20211112002032
2,http://www.seoul.co.kr/news/newsView.php?id=20211112500003
3,http://www.seoul.co.kr/news/newsView.php?id=20211109500255
4,http://go.seoul.co.kr/news/newsView.php?id=20211103011003
5,http://www.seoul.co.kr/news/newsView.php?id=20211029500116
6,http://www.seoul.co.kr/news/newsView.php?id=20211027021017
7,http://www.seoul.co.kr/news/newsView.php?id=20211026500139
8,http://www.seoul.co.kr/news/newsView.php?id=20211006002006
9,http://www.seoul.co.kr/news/newsView.php?id=20211005500102
10,http://www.seoul.co.kr/news/newsView.php?id=20210923500081
11,http://www.seoul.co.kr/news/newsView.php?id=20210921500018
12,http://www.seoul.co.kr/news/newsView.php?id=20210913500053
13,http://www.seoul.co.kr/news/newsView.php?id=20210906030005
14,http://www.seoul.co.kr/news/newsView.php?id=20210830500066
15,http://www.seoul.co.kr/news/newsView.php?id=20210824030003
16,http://www.seoul.co.kr/news/newsView.php?id=20210813011017
17,http://www.seoul.co.kr/news/newsView.php?id=20210812500016
18,http://www.seoul.co.kr/news/newsView.php?id=20210811023032
19,http://www.seoul.co.kr/news/newsView.php?id=20210810500165
20,http://www.seoul.co.kr/news/newsView.php?id=20210810500064
21,http://www.seoul.co.kr/news/newsView.php?id=20210810020008
22,http://www.seoul.co.kr/news/newsView.php?id=20210805019011
23,http://www.seoul.co.kr/news/newsView.php?id=20210804500088
24,http://www.seoul.co.kr/news/newsView.php?id=20210722500096
25,http://www.seoul.co.kr/news/newsView.php?id=20210720500018
26,http://www.seoul.co.kr/news/newsView.php?id=20210704500086
27,http://www.seoul.co.kr/news/newsView.php?id=20210702500041
28,http://www.seoul.co.kr/news/newsView.php?id=20210701002007
29,http://www.seoul.co.kr/news/newsView.php?id=20210630500197
30,http://www.seoul.co.kr/news/newsView.php?id=20210625500134
31,http://www.seoul.co.kr/news/newsView.php?id=20210625500121
32,http://www.seoul.co.kr/news/newsView.php?id=20210621025023
33,http://www.seoul.co.kr/news/newsView.php?id=20210618500108
34,http://www.seoul.co.kr/news/newsView.php?id=20210618027001
35,http://www.seoul.co.kr/news/newsView.php?id=20210614500010
36,http://www.seoul.co.kr/news/newsView.php?id=20210614025011
37,http://www.seoul.co.kr/news/newsView.php?id=20210612500006
38,http://stv.seoul.co.kr/news/newsView.php?id=20210607500049
39,http://www.seoul.co.kr/news/newsView.php?id=20210601500134
40,http://www.seoul.co.kr/news/newsView.php?id=20210531020017
41,http://www.seoul.co.kr/news/newsView.php?id=20210526500055
42,http://www.seoul.co.kr/news/newsView.php?id=20210519500061
43,http://www.seoul.co.kr/news/newsView.php?id=20210518020020
44,http://www.seoul.co.kr/news/newsView.php?id=20210517500189
45,http://www.seoul.co.kr/news/newsView.php?id=20210517500054
46,http://www.seoul.co.kr/news/newsView.php?id=20210514500131
47,http://www.seoul.co.kr/news/newsView.php?id=20210513011028
48,http://www.seoul.co.kr/news/newsView.php?id=20210511021005
49,http://www.seoul.co.kr/news/newsView.php?id=20210507500145
50,http://www.seoul.co.kr/news/newsView.php?id=20210505017019
51,http://www.seoul.co.kr/news/newsView.php?id=20210504020027
52,http://www.seoul.co.kr/news/newsView.php?id=20210503500133
53,http://www.seoul.co.kr/news/newsView.php?id=20210503500062
54,http://www.seoul.co.kr/news/newsView.php?id=20210429500057
55,http://www.seoul.co.kr/news/newsView.php?id=20210427021012
56,http://www.seoul.co.kr/news/newsView.php?id=20210426500149
57,http://www.seoul.co.kr/news/newsView.php?id=20210426008010
58,http://www.seoul.co.kr/news/newsView.php?id=20210425500081
59,http://www.seoul.co.kr/news/newsView.php?id=20210422022001
60,http://www.seoul.co.kr/news/newsView.php?id=20210422021005
61,http://www.seoul.co.kr/news/newsView.php?id=20210421500158
62,http://www.seoul.co.kr/news/newsView.php?id=20210419017002
63,http://www.seoul.co.kr/news/newsView.php?id=20210418500057
64,http://go.seoul.co.kr/news/newsView.php?id=20210414010020
65,http://www.seoul.co.kr/news/newsView.php?id=20210413500167
66,http://www.seoul.co.kr/news/newsView.php?id=20210413021012
67,http://www.seoul.co.kr/news/newsView.php?id=20210409025026
68,http://www.seoul.co.kr/news/newsView.php?id=20210408027023
69,http://www.seoul.co.kr/news/newsView.php?id=20210407500131
70,http://www.seoul.co.kr/news/newsView.php?id=20210326500169
71,http://www.seoul.co.kr/news/newsView.php?id=20210326006027
72,http://www.seoul.co.kr/news/newsView.php?id=20210321500014
73,http://www.seoul.co.kr/news/newsView.php?id=20210317500192
74,http://www.seoul.co.kr/news/newsView.php?id=20210315018008
75,http://www.seoul.co.kr/news/newsView.php?id=20210310021007
76,http://www.seoul.co.kr/news/newsView.php?id=20210309021019
77,http://www.seoul.co.kr/news/newsView.php?id=20210301020015
78,http://go.seoul.co.kr/news/newsView.php?id=20210226500132
79,http://www.seoul.co.kr/news/newsView.php?id=20210222500210
80,http://www.seoul.co.kr/news/newsView.php?id=20210219019020
81,http://www.seoul.co.kr/news/newsView.php?id=20210219006009
82,http://www.seoul.co.kr/news/newsView.php?id=20210219002004
83,http://www.seoul.co.kr/news/newsView.php?id=20210218500111
84,http://www.seoul.co.kr/news/newsView.php?id=20210217500087
85,http://www.seoul.co.kr/news/newsView.php?id=20210217010026
86,http://www.seoul.co.kr/news/newsView.php?id=20210216003015
87,http://www.seoul.co.kr/news/newsView.php?id=20210216003015
88,http://www.seoul.co.kr/news/newsView.php?id=20210211500053
89,http://www.seoul.co.kr/news/newsView.php?id=20210211017001
90,http://www.seoul.co.kr/news/newsView.php?id=20210209004036
91,http://www.seoul.co.kr/news/newsView.php?id=20210205500118
92,http://www.seoul.co.kr/news/newsView.php?id=20210205500114
93,http://www.seoul.co.kr/news/newsView.php?id=20210205016011
94,http://www.seoul.co.kr/news/newsView.php?id=20210204020011
95,http://www.seoul.co.kr/news/newsView.php?id=20210204002019
96,http://www.seoul.co.kr/news/newsView.php?id=20210204001021
97,http://www.seoul.co.kr/news/newsView.php?id=20210204001011
98,http://www.seoul.co.kr/news/newsView.php?id=20210203500133
99,http://www.seoul.co.kr/news/newsView.php?id=20210202500137
100,http://www.seoul.co.kr/news/newsView.php?id=20210202500007
101,http://www.seoul.co.kr/news/newsView.php?id=20210202008013
102,http://www.seoul.co.kr/news/newsView.php?id=20210202006015
103,http://www.seoul.co.kr/news/newsView.php?id=20210128008007
104,http://www.seoul.co.kr/news/newsView.php?id=20210127500004
105,http://www.seoul.co.kr/news/newsView.php?id=20210127006047
106,http://www.seoul.co.kr/news/newsView.php?id=20210126500035
107,http://go.seoul.co.kr/news/newsView.php?id=20210126011006
108,http://go.seoul.co.kr/news/newsView.php?id=20210119012014
109,http://www.seoul.co.kr/news/newsView.php?id=20210118500137
110,http://www.seoul.co.kr/news/newsView.php?id=20210118500027
111,http://www.seoul.co.kr/news/newsView.php?id=20210115500170
112,http://www.seoul.co.kr/news/newsView.php?id=20210115011011
113,http://www.seoul.co.kr/news/newsView.php?id=20210114500156
114,http://www.seoul.co.kr/news/newsView.php?id=20210114500077
115,http://www.seoul.co.kr/news/newsView.php?id=20210114500040
116,http://www.seoul.co.kr/news/newsView.php?id=20210114500038
117,http://www.seoul.co.kr/news/newsView.php?id=20210114500022
118,http://www.seoul.co.kr/news/newsView.php?id=20210114022003
119,http://www.seoul.co.kr/news/newsView.php?id=20210114006012
120,http://www.seoul.co.kr/news/newsView.php?id=20210113500234
121,http://www.seoul.co.kr/news/newsView.php?id=20210113500222
122,http://www.seoul.co.kr/news/newsView.php?id=20210113008032
123,http://www.seoul.co.kr/news/newsView.php?id=20210112500018
124,http://www.seoul.co.kr/news/newsView.php?id=20210107500153
125,http://www.seoul.co.kr/news/newsView.php?id=20210107022008
126,http://www.seoul.co.kr/news/newsView.php?id=20210106008008
127,http://www.seoul.co.kr/news/newsView.php?id=20210105500009
128,http://www.seoul.co.kr/news/newsView.php?id=20201230004042
129,http://www.seoul.co.kr/news/newsView.php?id=20201229500214
130,http://www.seoul.co.kr/news/newsView.php?id=20201229500157
131,http://www.seoul.co.kr/news/newsView.php?id=20201229500129
132,http://www.seoul.co.kr/news/newsView.php?id=20201228500149
133,http://www.seoul.co.kr/news/newsView.php?id=20201225024015
134,http://www.seoul.co.kr/news/newsView.php?id=20201225004006
135,http://www.seoul.co.kr/news/newsView.php?id=20201223002014
136,http://www.seoul.co.kr/news/newsView.php?id=20201216500030
137,http://www.seoul.co.kr/news/newsView.php?id=20201216021009
138,http://www.seoul.co.kr/news/newsView.php?id=20201216004011
139,http://www.seoul.co.kr/news/newsView.php?id=20201215500149
140,http://www.seoul.co.kr/news/newsView.php?id=20201215500137
141,http://www.seoul.co.kr/news/newsView.php?id=20201214017002
142,http://www.seoul.co.kr/news/newsView.php?id=20201211500011
143,http://www.seoul.co.kr/news/newsView.php?id=20201210500137
144,http://www.seoul.co.kr/news/newsView.php?id=20201209003006
145,http://www.seoul.co.kr/news/newsView.php?id=20201207020029
146,http://www.seoul.co.kr/news/newsView.php?id=20201206500049
147,http://www.seoul.co.kr/news/newsView.php?id=20201204500150
148,http://www.seoul.co.kr/news/newsView.php?id=20201203500002
149,http://www.seoul.co.kr/news/newsView.php?id=20201201500201
150,http://www.seoul.co.kr/news/newsView.php?id=20201125500018
151,http://www.seoul.co.kr/news/newsView.php?id=20201119021020
152,http://www.seoul.co.kr/news/newsView.php?id=20201119005007
153,http://www.seoul.co.kr/news/newsView.php?id=20201118500105
154,http://www.seoul.co.kr/news/newsView.php?id=20201112020010
155,http://www.seoul.co.kr/news/newsView.php?id=20201111500061
156,http://www.seoul.co.kr/news/newsView.php?id=20201110020014
157,http://www.seoul.co.kr/news/newsView.php?id=20201109500251
158,http://www.seoul.co.kr/news/newsView.php?id=20201106500108
159,http://www.seoul.co.kr/news/newsView.php?id=20201103020001
160,http://www.seoul.co.kr/news/newsView.php?id=20201030500042
161,http://www.seoul.co.kr/news/newsView.php?id=20201029500151
162,http://www.seoul.co.kr/news/newsView.php?id=20201029500101
163,http://www.seoul.co.kr/news/newsView.php?id=20201027001017
164,http://www.seoul.co.kr/news/newsView.php?id=20201026500194
165,http://www.seoul.co.kr/news/newsView.php?id=20201026021009
166,http://www.seoul.co.kr/news/newsView.php?id=20201022022003
167,http://go.seoul.co.kr/news/newsView.php?id=20201021011001
168,http://www.seoul.co.kr/news/newsView.php?id=20201015500202
169,http://www.seoul.co.kr/news/newsView.php?id=20201015500200
170,http://www.seoul.co.kr/news/newsView.php?id=20201015500151
171,http://www.seoul.co.kr/news/newsView.php?id=20201013021023
172,http://www.seoul.co.kr/news/newsView.php?id=20201008020012
173,http://www.seoul.co.kr/news/newsView.php?id=20201007022017
174,http://www.seoul.co.kr/news/newsView.php?id=20201005017007
175,http://www.seoul.co.kr/news/newsView.php?id=20200929029005
176,http://www.seoul.co.kr/news/newsView.php?id=20200925500167
177,http://www.seoul.co.kr/news/newsView.php?id=20200925019001
178,http://www.seoul.co.kr/news/newsView.php?id=20200923500114
179,http://www.seoul.co.kr/news/newsView.php?id=20200917021035
180,http://www.seoul.co.kr/news/newsView.php?id=20200911500082
181,http://www.seoul.co.kr/news/newsView.php?id=20200911500012
182,http://www.seoul.co.kr/news/newsView.php?id=20200910500051
183,http://www.seoul.co.kr/news/newsView.php?id=20200904018014
184,http://www.seoul.co.kr/news/newsView.php?id=20200825500218
185,http://go.seoul.co.kr/news/newsView.php?id=20200821500041
186,http://www.seoul.co.kr/news/newsView.php?id=20200820021023
187,http://www.seoul.co.kr/news/newsView.php?id=20200817500011
188,http://www.seoul.co.kr/news/newsView.php?id=20200805500140
189,http://www.seoul.co.kr/news/newsView.php?id=20200803500054
190,http://www.seoul.co.kr/news/newsView.php?id=20200714500151
191,http://www.seoul.co.kr/news/newsView.php?id=20200714021015
192,http://www.seoul.co.kr/news/newsView.php?id=20200713500151
193,http://www.seoul.co.kr/news/newsView.php?id=20200713020021
194,http://www.seoul.co.kr/news/newsView.php?id=20200712500072
195,http://www.seoul.co.kr/news/newsView.php?id=20200709500143
196,http://www.seoul.co.kr/news/newsView.php?id=20200707025023
197,http://www.seoul.co.kr/news/newsView.php?id=20200624021021
198,http://www.seoul.co.kr/news/newsView.php?id=20200612500176
199,http://www.seoul.co.kr/news/newsView.php?id=20200609500165
200,http://www.seoul.co.kr/news/newsView.php?id=20200605500144
201,http://www.seoul.co.kr/news/newsView.php?id=20200603004018
202,http://www.seoul.co.kr/news/newsView.php?id=20200527019026
203,http://www.seoul.co.kr/news/newsView.php?id=20200511019009
204,http://www.seoul.co.kr/news/newsView.php?id=20200420015006
205,http://www.seoul.co.kr/news/newsView.php?id=20200415010020
206,http://www.seoul.co.kr/news/newsView.php?id=20200414019015
207,http://www.seoul.co.kr/news/newsView.php?id=20200413500126
208,http://www.seoul.co.kr/news/newsView.php?id=20200413500125
209,http://www.seoul.co.kr/news/newsView.php?id=20200409500143
210,http://www.seoul.co.kr/news/newsView.php?id=20200409500136
211,http://www.seoul.co.kr/news/newsView.php?id=20200409022032
212,http://www.seoul.co.kr/news/newsView.php?id=20200406500155
213,http://www.seoul.co.kr/news/newsView.php?id=20200331034008
214,http://www.seoul.co.kr/news/newsView.php?id=20200325006052
215,http://www.seoul.co.kr/news/newsView.php?id=20200323500029
216,http://www.seoul.co.kr/news/newsView.php?id=20200319500086
217,http://www.seoul.co.kr/news/newsView.php?id=20200312500065
218,http://www.seoul.co.kr/news/newsView.php?id=20200214021015
219,http://www.seoul.co.kr/news/newsView.php?id=20200117022020
220,http://www.seoul.co.kr/news/newsView.php?id=20200116027016
221,http://www.seoul.co.kr/news/newsView.php?id=20200107026014
222,http://www.seoul.co.kr/news/newsView.php?id=20200102500085
223,http://www.seoul.co.kr/news/newsView.php?id=20191231500012
224,http://www.seoul.co.kr/news/newsView.php?id=20191213500129
225,http://www.seoul.co.kr/news/newsView.php?id=20191211031025
226,http://www.seoul.co.kr/news/newsView.php?id=20191210500130
227,http://www.seoul.co.kr/news/newsView.php?id=20191206500160
228,http://www.seoul.co.kr/news/newsView.php?id=20191201500025
229,http://www.seoul.co.kr/news/newsView.php?id=20191129800009
230,http://www.seoul.co.kr/news/newsView.php?id=20191124500033
231,http://www.seoul.co.kr/news/newsView.php?id=20191124500007
232,http://www.seoul.co.kr/news/newsView.php?id=20191123500022
233,http://www.seoul.co.kr/news/newsView.php?id=20191121500202
234,http://www.seoul.co.kr/news/newsView.php?id=20191121500147
235,http://www.seoul.co.kr/news/newsView.php?id=20191121500101
236,http://www.seoul.co.kr/news/newsView.php?id=20191121500069
237,http://www.seoul.co.kr/news/newsView.php?id=20191115500096
238,http://www.seoul.co.kr/news/newsView.php?id=20191109500038
239,http://www.seoul.co.kr/news/newsView.php?id=20191108500149
240,http://www.seoul.co.kr/news/newsView.php?id=20191108500100
241,http://www.seoul.co.kr/news/newsView.php?id=20191107500054
242,http://www.seoul.co.kr/news/newsView.php?id=20191105500062
243,http://www.seoul.co.kr/news/newsView.php?id=20191103500072
244,http://www.seoul.co.kr/news/newsView.php?id=20191103500019
245,http://www.seoul.co.kr/news/newsView.php?id=20191102500049
246,http://www.seoul.co.kr/news/newsView.php?id=20191102500040
247,http://www.seoul.co.kr/news/newsView.php?id=20191101500187
248,http://www.seoul.co.kr/news/newsView.php?id=20191031500069
249,http://www.seoul.co.kr/news/newsView.php?id=20191025500135
250,http://www.seoul.co.kr/news/newsView.php?id=20191025500128
251,http://www.seoul.co.kr/news/newsView.php?id=20191020500025
252,http://www.seoul.co.kr/news/newsView.php?id=20191018500201
253,http://www.seoul.co.kr/news/newsView.php?id=20191018500179
254,http://www.seoul.co.kr/news/newsView.php?id=20191018500142
255,http://www.seoul.co.kr/news/newsView.php?id=20191017500045
256,http://www.seoul.co.kr/news/newsView.php?id=20191016500021
257,http://www.seoul.co.kr/news/newsView.php?id=20191015008007
258,http://www.seoul.co.kr/news/newsView.php?id=20191013500006
259,http://www.seoul.co.kr/news/newsView.php?id=20191012500027
260,http://www.seoul.co.kr/news/newsView.php?id=20191011500084
261,http://www.seoul.co.kr/news/newsView.php?id=20191010500100
262,http://www.seoul.co.kr/news/newsView.php?id=20191006500022
263,http://www.seoul.co.kr/news/newsView.php?id=20191005500037
264,http://www.seoul.co.kr/news/newsView.php?id=20191005500023
265,http://www.seoul.co.kr/news/newsView.php?id=20190928500033
266,http://www.seoul.co.kr/news/newsView.php?id=20190926500085
267,http://www.seoul.co.kr/news/newsView.php?id=20190925500099
268,http://www.seoul.co.kr/news/newsView.php?id=20190925500058
269,http://www.seoul.co.kr/news/newsView.php?id=20190925029013
270,http://www.seoul.co.kr/news/newsView.php?id=20190918500077
271,http://www.seoul.co.kr/news/newsView.php?id=20190915500046
272,http://www.seoul.co.kr/news/newsView.php?id=20190911008008
273,http://www.seoul.co.kr/news/newsView.php?id=20190910500058
274,http://www.seoul.co.kr/news/newsView.php?id=20190905500101
275,http://www.seoul.co.kr/news/newsView.php?id=20190905500057
276,http://www.seoul.co.kr/news/newsView.php?id=20190904500109
277,http://www.seoul.co.kr/news/newsView.php?id=20190904500106
278,http://www.seoul.co.kr/news/newsView.php?id=20190904500074
279,http://www.seoul.co.kr/news/newsView.php?id=20190830500176
280,http://www.seoul.co.kr/news/newsView.php?id=20190830035002
281,http://www.seoul.co.kr/news/newsView.php?id=20190827500043
282,http://www.seoul.co.kr/news/newsView.php?id=20190826500040
283,http://www.seoul.co.kr/news/newsView.php?id=20190825500075
284,http://www.seoul.co.kr/news/newsView.php?id=20190816500083
285,http://www.seoul.co.kr/news/newsView.php?id=20190809500160
286,http://www.seoul.co.kr/news/newsView.php?id=20190802500062
287,http://go.seoul.co.kr/news/newsView.php?id=20190704016008
288,http://www.seoul.co.kr/news/newsView.php?id=20190701500136
289,http://www.seoul.co.kr/news/newsView.php?id=20190624026010
290,http://www.seoul.co.kr/news/newsView.php?id=20190611500183
291,http://www.seoul.co.kr/news/newsView.php?id=20190528500133
292,http://www.seoul.co.kr/news/newsView.php?id=20190527500141
293,http://www.seoul.co.kr/news/newsView.php?id=20190527500009
294,http://www.seoul.co.kr/news/newsView.php?id=20190527027018
295,http://www.seoul.co.kr/news/newsView.php?id=20190520500120
296,http://www.seoul.co.kr/news/newsView.php?id=20190507500003
297,http://www.seoul.co.kr/news/newsView.php?id=20190502500156
298,http://www.seoul.co.kr/news/newsView.php?id=20190429500152
299,http://www.seoul.co.kr/news/newsView.php?id=20190423033003
300,http://www.seoul.co.kr/news/newsView.php?id=20190419500211
301,http://www.seoul.co.kr/news/newsView.php?id=20190419500158
302,http://www.seoul.co.kr/news/newsView.php?id=20190415500160
303,http://www.seoul.co.kr/news/newsView.php?id=20190415026009
304,http://www.seoul.co.kr/news/newsView.php?id=20190410500127
305,http://www.seoul.co.kr/news/newsView.php?id=20190326021010
306,http://www.seoul.co.kr/news/newsView.php?id=20190325500137
307,http://www.seoul.co.kr/news/newsView.php?id=20190315500120
308,http://www.seoul.co.kr/news/newsView.php?id=20190313500049
309,http://www.seoul.co.kr/news/newsView.php?id=20190308500104
310,http://www.seoul.co.kr/news/newsView.php?id=20190306500003
311,http://www.seoul.co.kr/news/newsView.php?id=20190304027032
312,http://www.seoul.co.kr/news/newsView.php?id=20190227500022
313,http://www.seoul.co.kr/news/newsView.php?id=20190226500140
314,http://www.seoul.co.kr/news/newsView.php?id=20190221500024
315,http://www.seoul.co.kr/news/newsView.php?id=20190219026006
316,http://www.seoul.co.kr/news/newsView.php?id=20190218500081
317,http://www.seoul.co.kr/news/newsView.php?id=20190214500142
318,http://www.seoul.co.kr/news/newsView.php?id=20190213500096
319,http://www.seoul.co.kr/news/newsView.php?id=20190201500171
320,http://www.seoul.co.kr/news/newsView.php?id=20190130500137
321,http://www.seoul.co.kr/news/newsView.php?id=20190125027027
322,http://www.seoul.co.kr/news/newsView.php?id=20190124500134
323,http://www.seoul.co.kr/news/newsView.php?id=20190121020009
324,http://www.seoul.co.kr/news/newsView.php?id=20190117500125
325,http://www.seoul.co.kr/news/newsView.php?id=20190116003006
326,http://www.seoul.co.kr/news/newsView.php?id=20190115500105
327,http://www.seoul.co.kr/news/newsView.php?id=20190107027031
328,http://www.seoul.co.kr/news/newsView.php?id=20181231021001
329,http://www.seoul.co.kr/news/newsView.php?id=20181228500079
330,http://www.seoul.co.kr/news/newsView.php?id=20181218500035
331,http://www.seoul.co.kr/news/newsView.php?id=20181212025012
332,http://www.seoul.co.kr/news/newsView.php?id=20181130019003
333,http://www.seoul.co.kr/news/newsView.php?id=20181122010022
334,http://www.seoul.co.kr/news/newsView.php?id=20181121500150
335,http://www.seoul.co.kr/news/newsView.php?id=20181121500131
336,http://www.seoul.co.kr/news/newsView.php?id=20181102500153
337,http://www.seoul.co.kr/news/newsView.php?id=20181024024010
338,http://www.seoul.co.kr/news/newsView.php?id=20181019500066
339,http://www.seoul.co.kr/news/newsView.php?id=20181018500068
340,http://www.seoul.co.kr/news/newsView.php?id=20181012021007
341,http://www.seoul.co.kr/news/newsView.php?id=20181011021021
342,http://www.seoul.co.kr/news/newsView.php?id=20181010500155
343,http://www.seoul.co.kr/news/newsView.php?id=20180918500049
344,http://www.seoul.co.kr/news/newsView.php?id=20180917010005
345,http://www.seoul.co.kr/news/newsView.php?id=20180914500177
346,http://www.seoul.co.kr/news/newsView.php?id=20180822500025
347,http://go.seoul.co.kr/news/newsView.php?id=20180727014025
348,http://www.seoul.co.kr/news/newsView.php?id=20180716500145
349,http://www.seoul.co.kr/news/newsView.php?id=20180709500146
350,http://www.seoul.co.kr/news/newsView.php?id=20180210016001
351,http://www.seoul.co.kr/news/newsView.php?id=20180206500013
352,http://www.seoul.co.kr/news/newsView.php?id=20180131021011
353,http://www.seoul.co.kr/news/newsView.php?id=20180130500123
354,http://www.seoul.co.kr/news/newsView.php?id=20180130500118
355,http://www.seoul.co.kr/news/newsView.php?id=20180130500053
356,http://www.seoul.co.kr/news/newsView.php?id=20180123500144
357,http://www.seoul.co.kr/news/newsView.php?id=20180120010016
358,http://www.seoul.co.kr/news/newsView.php?id=20180119022008
359,http://www.seoul.co.kr/news/newsView.php?id=20180118022014
360,http://www.seoul.co.kr/news/newsView.php?id=20180117019016
361,http://www.seoul.co.kr/news/newsView.php?id=20180116020006
362,http://www.seoul.co.kr/news/newsView.php?id=20180115015026
363,http://www.seoul.co.kr/news/newsView.php?id=20180113008013
364,http://www.seoul.co.kr/news/newsView.php?id=20180111022009
365,http://www.seoul.co.kr/news/newsView.php?id=20180109500162
366,http://www.seoul.co.kr/news/newsView.php?id=20180108500151
367,http://www.seoul.co.kr/news/newsView.php?id=20180108016008
368,http://www.seoul.co.kr/news/newsView.php?id=20180101500043
369,http://www.seoul.co.kr/news/newsView.php?id=20180101500037
370,http://www.seoul.co.kr/news/newsView.php?id=20180101019010
371,http://www.seoul.co.kr/news/newsView.php?id=20171227500054
372,http://www.seoul.co.kr/news/newsView.php?id=20171227027022
373,http://www.seoul.co.kr/news/newsView.php?id=20171226017012
374,http://www.seoul.co.kr/news/newsView.php?id=20171212500072
375,http://www.seoul.co.kr/news/newsView.php?id=20171212500013
376,http://www.seoul.co.kr/news/newsView.php?id=20171211500167
377,http://www.seoul.co.kr/news/newsView.php?id=20171128021010
378,http://www.seoul.co.kr/news/newsView.php?id=20171125002006
379,http://www.seoul.co.kr/news/newsView.php?id=20171120014025
380,http://www.seoul.co.kr/news/newsView.php?id=20171113500179
381,http://www.seoul.co.kr/news/newsView.php?id=20171113016009
382,http://www.seoul.co.kr/news/newsView.php?id=20171108500142
383,http://www.seoul.co.kr/news/newsView.php?id=20171107023002
384,http://www.seoul.co.kr/news/newsView.php?id=20171101500147
385,http://www.seoul.co.kr/news/newsView.php?id=20171031500113
386,http://www.seoul.co.kr/news/newsView.php?id=20171029500070
387,http://www.seoul.co.kr/news/newsView.php?id=20171027034001
388,http://www.seoul.co.kr/news/newsView.php?id=20171027021014
389,http://www.seoul.co.kr/news/newsView.php?id=20171025500165
390,http://www.seoul.co.kr/news/newsView.php?id=20171025500136
391,http://www.seoul.co.kr/news/newsView.php?id=20171024021007
392,http://www.seoul.co.kr/news/newsView.php?id=20171020500025
393,http://www.seoul.co.kr/news/newsView.php?id=20171020021008
394,http://www.seoul.co.kr/news/newsView.php?id=20171019500141
395,http://www.seoul.co.kr/news/newsView.php?id=20171018500213
396,http://www.seoul.co.kr/news/newsView.php?id=20171018500151
397,http://www.seoul.co.kr/news/newsView.php?id=20171011500187
398,http://www.seoul.co.kr/news/newsView.php?id=20171011500134
399,http://www.seoul.co.kr/news/newsView.php?id=20170930011028
400,http://www.seoul.co.kr/news/newsView.php?id=20170929500178
401,http://www.seoul.co.kr/news/newsView.php?id=20170928500168
402,http://www.seoul.co.kr/news/newsView.php?id=20170925500081
403,http://www.seoul.co.kr/news/newsView.php?id=20170925500058
404,http://www.seoul.co.kr/news/newsView.php?id=20170925500031
405,http://www.seoul.co.kr/news/newsView.php?id=20170921500094
406,http://www.seoul.co.kr/news/newsView.php?id=20170914500040
407,http://www.seoul.co.kr/news/newsView.php?id=20170908500078
408,http://www.seoul.co.kr/news/newsView.php?id=20170908020030
409,http://www.seoul.co.kr/news/newsView.php?id=20170905020025
410,http://www.seoul.co.kr/news/newsView.php?id=20170824022008
411,http://www.seoul.co.kr/news/newsView.php?id=20170823500168
412,http://www.seoul.co.kr/news/newsView.php?id=20170822500064
413,http://www.seoul.co.kr/news/newsView.php?id=20170822022012
414,http://www.seoul.co.kr/news/newsView.php?id=20170812015004
415,http://www.seoul.co.kr/news/newsView.php?id=20170810500068
416,http://www.seoul.co.kr/news/newsView.php?id=20170810500031
417,http://www.seoul.co.kr/news/newsView.php?id=20170809500148
418,http://www.seoul.co.kr/news/newsView.php?id=20170807500190
419,http://www.seoul.co.kr/news/newsView.php?id=20170804500119
420,http://www.seoul.co.kr/news/newsView.php?id=20170803500092
421,http://www.seoul.co.kr/news/newsView.php?id=20170728500016
422,http://www.seoul.co.kr/news/newsView.php?id=20170726500092
423,http://www.seoul.co.kr/news/newsView.php?id=20170718037002
424,http://www.seoul.co.kr/news/newsView.php?id=20170704025036
425,http://www.seoul.co.kr/news/newsView.php?id=20170704021016
426,http://www.seoul.co.kr/news/newsView.php?id=20170626014016
427,http://www.seoul.co.kr/news/newsView.php?id=20170615020028
428,http://www.seoul.co.kr/news/newsView.php?id=20170614500147
429,http://www.seoul.co.kr/news/newsView.php?id=20170522011010
430,http://stv.seoul.co.kr/news/newsView.php?id=20170520500031
431,http://www.seoul.co.kr/news/newsView.php?id=20170520500015
432,http://www.seoul.co.kr/news/newsView.php?id=20170520500007
433,http://www.seoul.co.kr/news/newsView.php?id=20170515018013
434,http://www.seoul.co.kr/news/newsView.php?id=20170328020029
435,http://www.seoul.co.kr/news/newsView.php?id=20170218008011
436,http://www.seoul.co.kr/news/newsView.php?id=20170215021005
437,http://www.seoul.co.kr/news/newsView.php?id=20170106022008
438,http://www.seoul.co.kr/news/newsView.php?id=20170104027025
439,http://www.seoul.co.kr/news/newsView.php?id=20161219015026
440,http://www.seoul.co.kr/news/newsView.php?id=20161121017002
441,http://www.seoul.co.kr/news/newsView.php?id=20161029500042
442,http://www.seoul.co.kr/news/newsView.php?id=20161019019014
443,http://www.seoul.co.kr/news/newsView.php?id=20160926025008
444,http://www.seoul.co.kr/news/newsView.php?id=20160923017012
445,http://www.seoul.co.kr/news/newsView.php?id=20160912500028
446,http://www.seoul.co.kr/news/newsView.php?id=20160907021008
447,http://www.seoul.co.kr/news/newsView.php?id=20160826500051
448,http://go.seoul.co.kr/news/newsView.php?id=20160727500119
449,http://www.seoul.co.kr/news/newsView.php?id=20160713022005
450,http://www.seoul.co.kr/news/newsView.php?id=20160706019022
451,http://www.seoul.co.kr/news/newsView.php?id=20160624500201
452,http://www.seoul.co.kr/news/newsView.php?id=20160624500185
453,http://go.seoul.co.kr/news/newsView.php?id=20160613012013
454,http://www.seoul.co.kr/news/newsView.php?id=20160611023010
455,http://www.seoul.co.kr/news/newsView.php?id=20160610005013
456,http://www.seoul.co.kr/news/newsView.php?id=20160610005012
457,http://www.seoul.co.kr/news/newsView.php?id=20160610001010
458,http://www.seoul.co.kr/news/newsView.php?id=20160526020022
459,http://www.seoul.co.kr/news/newsView.php?id=20160526019020
460,http://www.seoul.co.kr/news/newsView.php?id=20160524021014
461,http://www.seoul.co.kr/news/newsView.php?id=20160524019020
462,http://www.seoul.co.kr/news/newsView.php?id=20160510010004
463,http://www.seoul.co.kr/news/newsView.php?id=20160510010003
464,http://www.seoul.co.kr/news/newsView.php?id=20160509017027
465,http://www.seoul.co.kr/news/newsView.php?id=20160504027038
466,http://www.seoul.co.kr/news/newsView.php?id=20160426021013
467,http://www.seoul.co.kr/news/newsView.php?id=20160426009001
468,http://www.seoul.co.kr/news/newsView.php?id=20160408025037
469,http://www.seoul.co.kr/news/newsView.php?id=20160407011006
470,http://www.seoul.co.kr/news/newsView.php?id=20160407001013
471,http://www.seoul.co.kr/news/newsView.php?id=20160406500040
472,http://www.seoul.co.kr/news/newsView.php?id=20160404002006
473,http://www.seoul.co.kr/news/newsView.php?id=20160316020016
474,http://www.seoul.co.kr/news/newsView.php?id=20160301025018
475,http://www.seoul.co.kr/news/newsView.php?id=20160226500126
476,http://www.seoul.co.kr/news/newsView.php?id=20160226500166
477,http://www.seoul.co.kr/news/newsView.php?id=20160213002008
478,http://www.seoul.co.kr/news/newsView.php?id=20160205008007
479,http://www.seoul.co.kr/news/newsView.php?id=20160123022003
480,http://go.seoul.co.kr/news/newsView.php?id=20160121011012
481,http://www.seoul.co.kr/news/newsView.php?id=20160117500208
482,http://www.seoul.co.kr/news/newsView.php?id=20160105500041
483,http://www.seoul.co.kr/news/newsView.php?id=20151224500253
484,http://www.seoul.co.kr/news/newsView.php?id=20151210500199
485,http://www.seoul.co.kr/news/newsView.php?id=20151019010001
486,http://www.seoul.co.kr/news/newsView.php?id=20151008500277
487,http://www.seoul.co.kr/news/newsView.php?id=20151002023006
488,http://www.seoul.co.kr/news/newsView.php?id=20150810014012
489,http://www.seoul.co.kr/news/newsView.php?id=20150717034006
490,http://www.seoul.co.kr/news/newsView.php?id=20150710018001
491,http://www.seoul.co.kr/news/newsView.php?id=20150707017011
492,http://www.seoul.co.kr/news/newsView.php?id=20150618500201
493,http://www.seoul.co.kr/news/newsView.php?id=20150529020019
494,http://www.seoul.co.kr/news/newsView.php?id=20150427020017
495,http://www.seoul.co.kr/news/newsView.php?id=20150407029034
496,http://www.seoul.co.kr/news/newsView.php?id=20150323029040
497,http://www.seoul.co.kr/news/newsView.php?id=20150314021016
498,http://www.seoul.co.kr/news/newsView.php?id=20150227029024
499,http://www.seoul.co.kr/news/newsView.php?id=20150225500211
500,http://www.seoul.co.kr/news/newsView.php?id=20150119500311
501,http://www.seoul.co.kr/news/newsView.php?id=20141118500083
502,http://www.seoul.co.kr/news/newsView.php?id=20141015014012
503,http://www.seoul.co.kr/news/newsView.php?id=20140926500183
504,http://www.seoul.co.kr/news/newsView.php?id=20140905500250
505,http://www.seoul.co.kr/news/newsView.php?id=20140827500047
506,http://www.seoul.co.kr/news/newsView.php?id=20140814500150
507,http://www.seoul.co.kr/news/newsView.php?id=20140811500091
508,http://www.seoul.co.kr/news/newsView.php?id=20140805500052
509,http://www.seoul.co.kr/news/newsView.php?id=20140805500120
510,http://www.seoul.co.kr/news/newsView.php?id=20140703500014
511,http://www.seoul.co.kr/news/newsView.php?id=20140526500014
512,http://www.seoul.co.kr/news/newsView.php?id=20140515500137
513,http://www.seoul.co.kr/news/newsView.php?id=20140407017006
514,http://www.seoul.co.kr/news/newsView.php?id=20140326500073
515,http://www.seoul.co.kr/news/newsView.php?id=20140318011026
516,http://www.seoul.co.kr/news/newsView.php?id=20140305014014
517,http://go.seoul.co.kr/news/newsView.php?id=20140120016003
518,http://www.seoul.co.kr/news/newsView.php?id=20140115500154
519,http://www.seoul.co.kr/news/newsView.php?id=20140115500134
520,http://www.seoul.co.kr/news/newsView.php?id=20131230015012
521,http://www.seoul.co.kr/news/newsView.php?id=20131210022015
522,http://www.seoul.co.kr/news/newsView.php?id=20131209025011
523,http://go.seoul.co.kr/news/newsView.php?id=20131127011010
524,http://www.seoul.co.kr/news/newsView.php?id=20131118500045
525,http://www.seoul.co.kr/news/newsView.php?id=20131118500048
526,http://www.seoul.co.kr/news/newsView.php?id=20131104014006
527,http://www.seoul.co.kr/news/newsView.php?id=20131031021018
528,http://www.seoul.co.kr/news/newsView.php?id=20131009014017
529,http://www.seoul.co.kr/news/newsView.php?id=20130917025019
530,http://www.seoul.co.kr/news/newsView.php?id=20130916500025
531,http://www.seoul.co.kr/news/newsView.php?id=20130916500005
532,http://www.seoul.co.kr/news/newsView.php?id=20130909015014
533,http://www.seoul.co.kr/news/newsView.php?id=20130828500070
534,http://www.seoul.co.kr/news/newsView.php?id=20130628500009
535,http://www.seoul.co.kr/news/newsView.php?id=20130628500012
536,http://www.seoul.co.kr/news/newsView.php?id=20130501027020
537,http://www.seoul.co.kr/news/newsView.php?id=20130420011024
538,http://www.seoul.co.kr/news/newsView.php?id=20130419023021
539,http://www.seoul.co.kr/news/newsView.php?id=20130418002004
540,http://www.seoul.co.kr/news/newsView.php?id=20130417019010
541,http://www.seoul.co.kr/news/newsView.php?id=20130306023003
542,http://www.seoul.co.kr/news/newsView.php?id=20121127029022
543,http://www.seoul.co.kr/news/newsView.php?id=20120724027024
544,http://www.seoul.co.kr/news/newsView.php?id=20120528019003
545,http://www.seoul.co.kr/news/newsView.php?id=20120522022014
546,http://www.seoul.co.kr/news/newsView.php?id=20120330029030
547,http://go.seoul.co.kr/news/newsView.php?id=20111216016012
548,http://www.seoul.co.kr/news/newsView.php?id=20111209022012
549,http://www.seoul.co.kr/news/newsView.php?id=20110928027020
550,http://www.seoul.co.kr/news/newsView.php?id=20110404500007
551,http://www.seoul.co.kr/news/newsView.php?id=20110315500004
552,http://www.seoul.co.kr/news/newsView.php?id=20110309027026
553,http://www.seoul.co.kr/news/newsView.php?id=20110226006009
554,http://www.seoul.co.kr/news/newsView.php?id=20110225500061
555,http://www.seoul.co.kr/news/newsView.php?id=20110210500006
556,http://www.seoul.co.kr/news/newsView.php?id=20100505025026
557,http://www.seoul.co.kr/news/newsView.php?id=20100226024005
558,http://www.seoul.co.kr/news/newsView.php?id=20100225029051
559,http://www.seoul.co.kr/news/newsView.php?id=20091130029026
560,http://www.seoul.co.kr/news/newsView.php?id=20091008014009
561,http://www.seoul.co.kr/news/newsView.php?id=20090917009014
562,http://go.seoul.co.kr/news/newsView.php?id=20071110010014
563,http://www.seoul.co.kr/news/newsView.php?id=20060808017026
564,http://www.seoul.co.kr/news/newsView.php?id=20060803015013
565,http://www.seoul.co.kr/news/newsView.php?id=20060803025034
566,http://go.seoul.co.kr/news/newsView.php?id=20060309009009
567,http://www.seoul.co.kr/news/newsView.php?id=20060111021012
568,http://www.seoul.co.kr/news/newsView.php?id=20051013016012
569,http://www.seoul.co.kr/news/newsView.php?id=20040520012002
570,http://www.seoul.co.kr/news/newsView.php?id=20030623012001
